fn,bbox
cjhgsimpc4oxq0756pqqcpdi1.jpg,61 0 155 343
cjhgsixts4ozd0756lty94cy5.jpg,263 19 502 829
cjhgsjrcq3uih07021bpwri1p.jpg,139 61 197 1133
cjhgsk1yu4p4f07560hvzusw5.jpg,10 3 265 1086
cjhgskowm4p730756pzmp4ebl.jpg,275 94 457 855
cjhgsl5c74p9f0756if7iiq1p.jpg,114 21 245 607
cjhgsm0kd3uru07023uoln051.jpg,231 1 400 641
cjhgsmg6f4pck0756ry0i3w45.jpg,16 32 136 581
cjhgsms9g3uuo0702d9dy5um7.jpg,168 1 247 276
cjhgspijh3v1307022xs4eyk4.jpg,141 1 248 401
cjhgsprlw3v2o0702w5a6iiyw.jpg,5 15 145 669
cjhgsq12t4plr0756wscaij3v.jpg,132 1 205 298
cjhgsrk653v7z07027huxmn8p.jpg,51 12 124 311
cjhgss6n64pxf0756favciktw.jpg,34 0 132 385
cjhgssf1b4q080756zdjca2l3.jpg,275 1 424 676
cjhgssnol3vbx0702vdm9fka1.jpg,336 19 595 1091
cjhgszxuj4qrq07568fuvzsyr.jpg,129 63 314 1001
cjhgt0buk3vjy0702g1tp1g1i.jpg,43 0 147 287
cjhgt0s7l4qtb0756m0p2nzqk.jpg,310 1 500 800
cjhgt189m3vlk0702ic9irn7v.jpg,38 0 98 221
cjhgt1nlj4qud0756myfo7n48.jpg,147 66 385 861
cjhgt3are3vom0702y0lad2rq.jpg,321 15 395 1606
cjhgt3ooh3vpl0702wbxp7qlq.jpg,246 52 412 788
cjhgt44t24qy907562x2knldo.jpg,7 0 329 1102
cjhgt4gj33vt80702uswqfcvr.jpg,25 16 159 543
cjhgt5xl63vxt0702rrk6qev9.jpg,196 0 328 561
cjhgt6xnh3w0f0702ftwknz4a.jpg,118 24 293 979
cjhgt7g4i3w270702qbireyx9.jpg,268 173 399 690
cjhgt7qr33w2z0702ppryeumk.jpg,251 95 352 696
cjhgt89163w3y0702xpb4nmw4.jpg,246 0 907 3110
cjhgt8iyx3w5a0702oy5xtn93.jpg,257 18 384 510
cjhgt94ld3w680702xdmzx1y5.jpg,256 196 449 991
cjhgt9l5m3w7e070241vsuqmt.jpg,252 75 463 1000
cjhgt9tzr4r9g0756jye1d0k4.jpg,325 73 529 973
cjhgtt3xp3x4m0702ng325cdk.jpg,47 51 176 630
cjhgttlrt4sgm07565ryc7j59.jpg,202 1 350 502
cjhgttwqg4shc07567kahcu2s.jpg,190 62 874 2877
cjhgtu9xn4sii0756brosul57.jpg,50 15 154 453
cjhgtukky4sit0756t4bah5f7.jpg,137 79 222 421
cjhgtuu873x9c0702ivvpopjr.jpg,324 88 639 1524
cjhgtv6oa3xac0702iwp9rhu6.jpg,263 141 433 872
cjhgtvff64sm90756f8uty5eo.jpg,114 18 229 490
cjhgtvre14snj07569tbanr3s.jpg,9 0 161 619
cjhgtw49r4sqb0756rkprbh23.jpg,181 21 319 634
cjhgtwhdu4su50756zhgydad4.jpg,317 72 519 941
cjhgtwt2k4swq07569uh75ni3.jpg,193 50 306 536
cjhgtxlfk4szq0756jvw24rmy.jpg,221 44 354 604
cjhgty6sk3xdd0702mn6iybop.jpg,260 48 399 691
cjhgtyfk64t3r0756fcoia8px.jpg,316 0 612 1107
cjhgtywbi3xev0702dtk8blaf.jpg,79 0 276 721
cjhgtz9z64t670756bb1q5g6g.jpg,165 0 316 579
cjhgtzw1a4t7e0756438q0zrd.jpg,321 68 586 1148
cjhgu07h84t870756fsec5cnj.jpg,64 0 264 742
cjhgu0fie4t8g0756pa6emm8i.jpg,244 40 423 779
cjhgu0o2z3xh20702m2zl0lj9.jpg,245 7 402 632
cjhgu1gzv4taz075605shdi3m.jpg,775 2 1251 2001
cjhgu1wrj4tcb0756nnzxq9wr.jpg,222 46 365 663
cjhgu2eov3xjx0702x3p5l9cy.jpg,86 18 267 765
cjhgu972r4to80756nlj1pz67.jpeg,431 456 681 1536
cjhgua0u23xto0702brb2iu8c.jpg,251 19 385 510
cjhgudlqz3xy90702rmsmrfay.jpg,18 38 139 521
cjhguhnug3y4b0702ss9k9oeg.jpg,223 43 363 592
cjhgui4py3y5t07020ibvf7vz.jpg,167 1 320 482
cjhguij9j4tzz07569zp44kld.jpg,188 2 332 603
cjhguiybs3y7m0702kbtimu4h.jpg,183 66 286 445
cjhgujia04u1m0756gr7ulj6j.jpg,41 0 139 323
cjhguku0a4u5l0756a5jfk9c5.jpg,105 273 244 792
cjhgul52p3ycq07020ef9577v.jpg,278 0 409 677
cjhgulrwa3yf50702n3rwlslv.jpg,333 13 502 719
cjhgum6503yg90702laod7tbu.jpg,223 0 440 668
cjhgumwvc3yhd07024js00508.jpg,140 136 206 352
cjhgunatr4u9j0756nfsfrqkv.jpg,168 0 336 622
cjhgunjgq3yif0702oy5qpq3c.jpg,27 49 80 277
cjhguo0ty3yiz0702kl68ehak.jpg,53 1 246 691
cjhguoai83yjl0702xfx91io0.jpg,222 45 341 567
cjhguon7a3yks0702twbudcpd.jpg,14 1 79 295
cjhgup7574ue20756cwapug7i.jpg,209 68 353 635
cjhgupohn4ufa0756byhy2qdd.jpg,67 0 204 481
cjhguq3y43ymr07026myap5jc.jpg,51 25 106 247
cjhguqksx3yns0702ox9y47bd.jpg,98 0 170 295
cjhguqxre4uj00756okwqcuqo.jpg,246 7 406 697
cjhgurb4v3yox0702ju6hhdea.jpg,29 9 100 266
cjhgurshp3ypa0702ndbr7nzl.jpg,200 0 360 605
cjhgus7se4uk4075687dwzcqb.jpg,99 0 165 285
cjhguvmxk3ysl07026y498qgs.jpg,367 0 616 1075
cjhguvtby3ysw07026nrwacf4.jpg,101 18 163 283
cjhguyiym4upz0756fi3z4pob.jpg,37 12 301 1251
cjhguzcr43yyw07023s2bfyvd.jpg,12 1 78 292
cjhhurx2d8y6e0702wfiwekf8.jpg,46 0 69 274
cjhhusp07bwbb07560hqogewd.jpg,94 15 266 734
cjhhut2sl8y9m0702uqgrfrbg.jpg,44 3 83 259
cjhhutd4ebwfg07569jubwb31.jpg,277 119 409 714
cjhhuu260bwk10756hwh5h31h.jpg,26 5 99 267
cjhhuugkrbwkx07566vz1hzhp.jpg,137 0 316 590
cjhhuurqibwmb0756w639goc9.jpg,32 8 99 284
cjhhuvdw4bwpl0756jy3sazmo.jpg,60 0 167 680
cjhhv2atg8yt207028h8l9yro.jpg,25 26 87 276
cjhhv2ofhbxa20756gn3shqom.jpg,120 151 193 1070
cjhhv3c3h8yvk0702wao9oyw0.jpg,46 0 264 656
cjhhv3mhjbxcz07560o13iglu.jpg,11 0 94 284
cjhhv3z9sbxe70756968crvax.jpg,15 0 410 1590
cjhhv4a198yyw0702br3xoa1m.jpg,18 79 46 222
cjhhv5coo8z3h0702hmr9okpf.jpg,59 36 182 554
cjhhv5ubebxkn0756kx9g09qu.jpg,39 15 116 348
cjhhvj30abzsx075647eyz2e5.jpg,7 22 59 256
cjhhvjvsh90i50702zr7z72yy.jpg,65 2 123 390
cjhhvl5gec01n0756klfo9d7d.jpg,41 1 221 601
cjhhvlkix90mz0702wyxr2r6e.jpg,29 72 72 231
cjhhvnomm90zl0702i0t6u8pa.jpg,218 0 386 725
cjhhvor5t915207025fhe5njg.jpg,73 35 126 241
cjhhvppr3c11f0756nmedis0e.jpg,227 0 392 739
cjhhvqp7pc17l07564glt4dhz.jpg,79 20 274 754
cjhhvr80wc1a307563zdxxqc3.jpg,32 11 94 282
cjhhvrowsc1co0756adv9ylgn.jpg,26 46 84 275
cjhhvrwy2c1ej0756b395tu4b.jpg,248 5 411 721
cjhhw04oi91rh0702oev01taq.jpg,7 41 65 294
cjhhw94dq92hb0702u9kazqvp.jpg,93 1 425 1197
cjhhwa1l9c4gd0756gm6og4ez.jpg,170 15 303 554
cjhhwjymx94np0702i0frv2pz.jpg,85 47 135 220
cjhhwkb6t94q20702lw8srasq.jpeg,194 93 305 563
cjhhwl4z2c70y07568xg5pvya.jpg,108 55 236 555
cjhhwltkfc74f0756ty3s9ntn.jpg,28 0 88 268
cjhhwv0sm95ek07024ci6rng8.jpg,320 95 493 759
cjhhww671c80m0756i452ouxk.jpg,20 23 78 249
cjhhwwj7pc83f0756fnosum6d.jpg,100 2 180 275
cjhhwwwrcc85r0756dbjw5um9.jpg,83 0 316 998
cjhhwz70kc8nd0756vq0o5cuu.jpg,14 48 66 258
cjhhwzpikc8s60756ckm65v6q.jpg,768 170 1216 1904
cjhhx04ruc8we0756zv70knmy.jpg,25 40 262 1072
cjhhx0hxzc8zv07566bc1l3ot.jpg,91 4 160 303
cjhhx0tlk95ye07021u9o1hjg.jpg,206 0 397 742
cjhhx15fdc92u07561jl9thft.jpg,64 8 235 785
cjhhx1m7295zx07025bvd1e31.jpg,172 71 284 544
cjhhxkc9e97hq07029misrf43.jpg,74 16 226 695
cjhhxqgpxcg7d07563ra0rl8w.jpg,179 11 321 634
cjhhxr9qscgeh0756grzt0iu0.jpg,209 91 409 1118
cjhhxsp2698us0702iqhagrai.jpg,2 1 157 554
cjhhyadyfck8p0756fqc865a8.jpg,181 541 353 1279
cjhhycon8ckia0756nxyvcgd7.jpg,602 80 1029 1914
cjhhyeytickwn0756ajf8jkha.jpg,159 68 294 562
cjhhygux59b7n07028di3zh67.jpeg,318 130 466 716
cjhhykbg0clmd0756frt4k3ew.jpg,240 1 490 996
cjhhylff6cluy075603q5s0xu.jpg,171 70 279 487
cjhhylpvuclxr0756x51tzfh5.jpg,230 97 355 595
cjhhynku5cmef0756228kxww3.jpg,273 87 448 730
cjhhyogpd9bst0702qcsud164.jpg,0 0 189 745
cjhhyqnxrcn1c0756vah6pzjd.jpg,45 1 134 321
cjhhyu243cnbi0756ol6oktn6.jpg,3 4 252 1003
cjhhyvig0cnl80756cqf94yol.jpg,272 167 459 831
cjhhyvqxncno50756ft21lsaq.jpg,384 77 599 953
cjhhywoiwcnv40756kmdth42a.jpg,191 2 346 680
cjhhzb2099dbh0702ctpuzda3.jpg,405 4 554 638
cjhhzbgin9ddx0702voqxwnhp.jpg,189 16 345 612
cjhhzbt0jcqes0756plwbi97r.jpg,93 158 266 904
cjhkqwm6kqmyo0756jnmydq3n.jpg,111 57 199 441
cjhkqwz5pqn0e0756kftpe27e.jpg,107 60 198 435
cjhkqxp3rqn2z07561evigdjm.jpg,107 64 193 434
cjhkr1ol6j52b0702ryygtkdw.jpg,109 55 197 436
cjhkr2pyrj57q0702pmei96mr.jpg,105 59 203 427
cjhkr3bs3qnka0756otc0cone.jpg,107 55 200 428
cjhkr5l5wqofb0756qz17svqd.jpg,114 39 214 416
cjhkr85f9j6380702dkkxhx95.jpg,146 49 234 422
cjhkr9gqeqqry0756ed0yimvb.jpg,187 22 416 995
cjhkraazkj6my07026tpj5b6r.jpg,189 1 439 1032
cjhkr9un8qqug0756swtq8z7y.jpg,199 40 450 1003
cjhkraxvdj6o307029y4evnre.jpg,138 0 386 1005
cjhkrbh9cqr2u07567pt6vk20.jpg,179 42 427 988
cjhkrbtkkqr5w0756ul033qm2.jpg,72 7 331 1024
cjhkrc4d3qr7t0756qiz57fnc.jpg,169 51 439 1032
cjhkrchr4j6vu07020dw6wgqs.jpg,137 51 381 1026
cjhkrfzzeqrni0756891hglwz.jpg,201 0 493 1006
cjhkrh978qrs80756v5h22a0h.jpg,35 29 299 1034
cjhkrhj2zqrti0756x04e3g6m.jpg,1 35 241 1027
cjhkrs4csqwaw0756kavpxwym.jpg,181 0 478 1003
cjhkrsehwjaq507022r2vbhze.jpg,385 0 682 1070
cjhkrt4hsjaw70702747dh8cr.jpg,69 44 340 1087
cjhkrto9pjazw0702xrqosuxn.jpg,379 5 696 1044
cjhkru1ygjb2u070262pqo5ns.jpg,15 33 278 1105
cjhkruwlajb930702tars5z60.jpg,137 58 384 1104
cjhkrx88gqwy407562ewpejpl.jpg,246 79 480 1134
cjhkrye27jbwk0702jbpq7r0c.jpg,59 60 324 1093
cjhks23umqxdq0756t9m3htvt.jpg,19 79 269 1111
cjhks2o1ijccp07022zogx26c.jpg,198 60 443 1112
cjhks31tcjcf007020cjc6b3z.jpg,258 7 554 1056
cjhks3tavjcgu0702xpvul5re.jpg,233 3 487 938
cjhks4uz8jcqq0702bjwwx6gc.jpg,203 1 487 990
cjhks5tliqy8o0756e11bvo96.jpg,368 128 657 1182
cjhks7xhhjdxo0702swymeexl.jpg,480 66 720 1148
cjhks8h0bje3y0702q29isjrg.jpg,513 123 720 1035
cjhks8sh8qzx40756g23ode1g.jpg,495 215 691 1047
cjhks97dcr01407569zcj6fw5.jpg,495 198 698 1038
cjhksabi7r0bc0756rn0hgamq.jpg,391 196 606 1092
cjhksdsfer0oi07567cpxe34i.jpg,386 194 602 1060
cjhkseajpjegf0702pt2t3ysv.jpg,385 196 600 1074
cjhksewljr0wq0756rdj930bm.jpg,414 244 616 1052
cjhksfgbnr12q07562dbhwnog.jpg,433 223 641 1056
cjhksfvkmjept07020bjo1t8f.jpg,529 174 714 1107
cjhkshn54r1cz07569epz8zn1.jpg,136 114 290 1195
cjhkshyo4jeyr0702wuojsr57.jpg,476 187 707 1086
cjhksirzajf020702xga07vsy.jpg,189 110 323 480
cjhksjhiojf4u0702yacluy8r.jpg,45 112 202 1201
cjhkskqmyr1km0756iq1u3b27.jpg,405 147 636 1134
cjhksoqs1r34q0756o5x812se.jpg,81 130 247 1213
cjhkspwo0r3mk0756yfy46mpj.jpg,418 178 645 1132
cjhksq8yqjhji07020xqqjlmf.jpg,201 73 312 562
cjhkss4k8jl3h0702es74oh5z.jpg,210 97 388 1206
cjhksswyajlcz0702wzspp03b.jpg,359 163 590 1114
cjhktumwsrbez0756apwakj19.jpg,168 91 279 570
cjhktveo5jqv60702aq6qrilm.jpg,344 170 567 1122
cjhktw7nvjqz30702bsnkfmjp.jpg,139 83 248 551
cjhktwyx3jr480702plkwqpi2.jpg,313 156 540 1102
cjhktxo5wjr8o0702brqkuic4.jpg,173 80 295 562
cjhktz8bjrc3307566cewt8op.jpg,343 189 581 1108
cjhku0y9vjrs70702do66wgja.jpg,421 156 657 1111
cjhku21s1rce20756zkqhra9s.jpg,181 0 360 637
cjhku1swojrvp0702df4yu88l.jpg,405 198 611 1151
cjhku3fvwjs5h0702i07q3ibn.jpg,153 2 357 639
cjhku49n3rcl6075654kip3k8.jpg,412 178 636 1179
cjhku4v16jsf007027rm676s7.jpg,345 161 588 1164
cjhku5ocwjsio0702o37y8d6t.jpg,418 169 659 1081
cjhku6txpjsr00702fm4rxaxs.jpg,476 123 712 1113
cjhku7pvmrcsd07560bcfevph.jpg,191 51 332 450
cjhku8lumrctz0756ui1amwlh.jpg,431 121 664 1107
cjhku9atbrcvq0756ujsfpy2t.jpg,227 46 341 570
cjhku9ohsjt0k0702yvfylltu.jpg,403 128 648 1107
cjhkudo01jvk00702xt4703fn.jpg,359 235 664 1172
cjhkueqpkrf0r0756mctcgv95.jpg,249 159 556 1188
cjhkuhy17jwpm07027rnikopu.jpg,417 163 720 1129
cjhkujavijwxb0702pdobud1o.jpg,122 90 408 1090
cjhkujx5pjx0z07026z3gvgkm.jpg,283 148 613 1107
cjhkuloa7jxg107024gl8lch4.jpg,1 101 223 1026
cjhkunhp4jy240702ed27f8lu.jpg,37 234 273 1093
cjhkuohk6jycy07022mivww29.jpg,238 229 476 1089
cjhkupa31jyob0702vqg4ewqn.jpg,19 215 246 1088
cjhkvckr1k2i80702lfx2f53m.jpg,516 294 648 747
cjhkvd08ik2l60702wdcp4oav.jpg,185 154 286 463
cjhkvdczpk2p707022fwkpvf2.jpg,490 297 634 743
cjhkve7wkribt0756ld7yq6pa.jpg,99 215 312 1087
cjhkvf29wk3250702n8irbasa.jpg,143 209 347 1075
cjhkvhcplk3fy0702lt8bd71u.jpg,447 292 574 717
cjhkvijqgk3lh0702pdb6n9tw.jpg,142 193 347 1100
cjhkvj0rmrj0t0756ymrj22se.jpg,155 187 361 1071
cjhkvkt6vrj9r0756uwaj0v6z.jpg,45 232 278 1153
cjhkvltyarjk80756yb8j8la5.jpg,419 310 720 911
cjhkvm4j0k45b0702xjma0e3v.jpg,127 249 333 1164
cjhkvnd9yk47h07021bjo4jqn.jpg,424 317 720 953
cjhkvo6ftk48o0702xounhftg.jpg,130 262 347 1152
cjhkvp3qvrjvh0756t0i98ezp.jpg,40 255 255 1130
cjhkvpuktk4jr0702uaqfcqn8.jpg,217 466 578 1073
cjhkvr9frk4ox0702oobecdcc.jpg,59 231 269 1021
cjhkvrn2erk3307560n4yc7yb.jpg,221 380 609 1015
cjhkvtqfmk4ty070270ywaymh.jpg,232 393 593 1057
cjhkvuuldk4vq0702n6j15p0p.jpg,0 75 145 597
cjhkvvgilk4ya0702uqjw1mgh.jpg,131 78 284 610
cjhkvw7txk51c0702bblugss2.jpg,131 70 273 603
cjhkvx039rkg90756f565yc6a.jpg,41 77 180 610
cjhkvxb7ok5870702hhdn5lvk.jpg,0 89 138 602
cjhkvxjmok59e0702zk1bzw6t.jpg,170 80 319 603
cjhkzxy8ukolu0702rnzfnetk.jpg,71 46 230 384
cjhkzyc1ds1vh0756ah01tcxv.jpg,165 179 244 993
cjhkzzazjs1wj0756qgdqyxqy.jpg,82 113 211 587
cjhl0w9yfs2bk07565lkm3nkh.jpg,143 164 242 990
cjhl0y5pis2c00756qwsguttx.jpg,28 114 167 592
cjhl128yos2ge0756iy20q5xr.jpg,234 193 506 992
cjhl13chis2i30756ufiu2i2d.jpg,0 78 147 601
cjhl142sakpay0702wmevu32a.jpg,8 204 138 1056
cjhl1616jkpdk0702f2kw6zjm.jpg,118 126 319 1040
cjhl17a9rkpe107024iw5kb2t.jpg,128 103 260 589
cjhl17uvjkpeg0702fl1uh7q5.jpg,107 90 349 1189
cjhl18c3mkpf40702lhnfv3xp.jpg,107 123 331 1077
cjhl1agmns2rf0756h8dvaj0a.jpg,113 44 391 1240
cjhl1dc4bs2yu0756a3jnvvap.jpg,313 108 531 1050
cjhl1eg3pkpvh070232uixoty.jpg,81 129 218 598
cjhl1fg4dkpyb07025po3lpt8.jpg,58 161 302 1120
cjhl1g8ackq190702yn0jbgkq.jpg,62 77 329 1195
cjhl1hs9ykq530702u9r7a2q8.jpg,342 168 578 1065
cjhl1i5wcs3lp0756zn8lynhu.jpg,46 75 308 1189
cjhl1jb8hs3s40756fcwc5ksn.jpg,66 113 204 607
cjhl1kz5vs47l0756s91la4vf.jpg,122 134 355 1106
cjhl1neg7s4pv0756ge50mcuz.jpg,74 93 350 1194
cjhl1o6y3kqe8070243tta4e2.jpg,370 148 627 1038
cjhl1r76skqpv0702zrvp1lr9.jpg,144 22 425 1240
cjhl1thdss5rv0756rz9tchuj.jpg,135 104 395 1051
cjhl1ucv9s5th0756peup4wri.jpg,59 46 322 1164
cjhl1v58zs5v407564w1pshhj.jpg,128 122 261 600
cjhl1vu2gs5wf0756dgt8t74q.jpg,379 134 651 1035
cjhl1x2yekr560702nfpkw8vb.jpg,138 62 358 1099
cjhl1xn0gs61j0756pli2bm3i.jpg,7 117 160 611
cjhl2d2zys7yl0756gdmslfhp.jpg,366 114 626 1094
cjhl2ffp6s8ey0756ghr2lihi.jpg,107 31 386 1203
cjhl2gb7eksyp0702p8r3mj2j.jpg,0 118 142 602
cjhl2gpfjs8li0756um32cvct.jpg,120 123 365 1087
cjhl2h071kt4k0702eu3hismn.jpg,102 0 404 1244
cjhl2h9dukt6w07021ut111hr.jpg,3 113 107 596
cjhl2huias8qp0756qb68soc0.jpg,176 0 524 1277
cjhl2ia4xs8sp0756xfov485q.jpg,129 108 277 593
cjhl2ixjus8vw07568e5bt382.jpg,116 7 462 1254
cjhl2jclyktgz0702prcccojx.jpg,168 1 551 1109
cjhl3ndx2sbsd0756xwq8ep3f.jpg,43 0 466 1269
cjhl4baynkwbm0702fwp3mky7.jpg,2 129 144 589
cjhl4cs8vkwdm0702fq43xtlp.jpg,374 13 706 1097
cjhl4dsc0scdf07560wfj5sgk.jpg,10 0 432 1276
cjhl4eooqscfe0756ilht0chp.jpg,23 110 168 608
cjhl4frxnsciq0756ccm4nnxh.jpg,274 3 655 1093
cjhl4h572kwg10702y5odfwqn.jpg,37 1 446 1276
cjhl4mgbzscqu0756yprblu1i.jpg,24 5 423 1269
cjhl4oukfkwo40702st515lx1.jpg,104 122 242 592
cjhl4qc39scst0756jrd3otaw.jpg,124 5 508 1272
cjhl4rzsxscv60756i8kb7q6k.jpg,57 100 217 620
cjhl4ss36kwsy0702a48ywz4u.jpg,122 0 542 1104
cjhl4uz0vkwwp07025o38tvd7.jpg,54 0 426 1276
cjhl4vrwnsd0t0756dvesqvuv.jpg,0 92 176 629
cjhm56qf9ody90702qzab4fqt.jpg,26 2 438 1283
cjhm57535x7f80756dts4laj5.jpg,21 1 432 1279
cjhm57n90x7ja075634p2znpk.jpg,2 2 388 1282
cjhm58nz0x8540756osnx3fhp.jpg,156 97 302 627
cjhm5hi53xcek0756pqxb3va6.jpg,15 0 403 1282
cjhm61fw7xh400756f5sqxhs8.jpg,105 2 478 1284
cjhm61z0toj440702f30desw7.jpg,73 97 220 615
cjhm62d1zxhcl0756e4fj2z3g.jpg,19 0 461 1086
cjhm664znxiu80756c7rq6d46.jpg,0 89 141 629
cjhm66xl5ok1h0702ec54x82e.jpg,0 89 140 615
cjhm67cybxjdd07564oyx7xyk.jpg,176 1 580 1085
cjhm67vf6ok6q0702lngnj6bi.jpg,86 98 235 619
cjhm68w3wokas0702adc8y1xw.jpg,120 1 284 641
cjhm6nrgfoljq07024oyife76.jpg,0 6 145 628
cjhm6rraoxlei07561cqwrt4g.jpg,132 2 286 640
cjhm75bf0xmgh07569otk71d5.jpg,140 76 342 644
cjhm83ovyxw6v0756484dy8y7.jpg,110 61 197 439
cjhm84811xw9t0756mtyz449q.jpg,111 63 189 434
cjhm84nvfxwcy07568e614iz1.jpg,109 59 198 440
cjhm85dpkxwhg0756gtnsk1ql.jpg,111 59 192 437
cjhm86bqsxwsx0756g8hoxgb6.jpg,113 66 198 434
cjhm8b2l0xx5l0756ml2cbcnb.jpg,98 54 186 440
cjhm8g65fxy3c0756zv6ldc2n.jpg,168 27 436 980
cjhm8h0vtxy7707567oxgoksj.jpg,182 1 434 1020
cjhm8hp6iox4r07029r48so9d.jpg,190 51 432 1008
cjhm8ifyjxye207569d5k3mm2.jpg,135 0 386 998
cjhm8j37sxyl40756ybz4nqdf.jpg,182 40 416 1057
cjhm8k7f1xyrs0756vt24o5ts.jpg,58 1 338 1028
cjhm8kh1vxyt40756rera9qx5.jpg,155 33 407 1056
cjhm8kuo1xyuo07561tij90zs.jpg,171 1 430 959
cjhm8o76axz9u0756peevx8lg.jpg,41 42 301 1019
cjhm8or7yxzce075644c33i7z.jpg,0 44 248 1043
cjhm8p6iixzew0756s9h4okr6.jpg,65 46 335 1105
cjhm8pqtqoxxt0702oxq499o9.jpg,19 25 285 1114
cjhm8qou2oy30070299gpalfl.jpg,132 16 432 1149
cjhm8r4zuoy4c0702z5rbi24l.jpg,138 73 384 1111
cjhm8sd21xzz407561khomxts.jpg,247 57 485 1134
cjhm8sw11oyfo0702owp7jtjm.jpg,61 53 315 1102
cjhm8tc26oyhx0702aeu3f9mb.jpg,11 55 276 1121
cjhm8tyzloyk40702e7r0stzi.jpg,190 68 457 1109
cjhm8zi0sy0pe0756jv6a9vif.jpg,277 13 720 967
cjhm94rqcozdi0702w0gc6y0j.jpg,274 0 549 1056
cjhm959bxy1dm0756xfo32od9.jpg,212 5 508 964
cjhm95mudy1gg07566uvtonqu.jpg,236 0 497 939
cjhm9dnnny1ty0756kqatpj5d.jpg,442 0 717 1010
cjhm9ge8qy1xh07568prtz2uk.jpg,219 14 489 1002
cjhm9il9qozvc0702u6njgjw4.jpg,194 0 495 999
cjhm9jf0dy2990756ejhdqy9r.jpg,375 106 692 1208
cjhm9kzpsp08h0702avraw5bg.jpg,414 24 719 1230
cjhm9oisjp1t6070254njfffe.jpg,477 68 716 1155
cjhm9tfktp24o070230tul3og.jpg,524 136 720 1028
cjhm9uiaup28d0702se1yb7db.jpg,502 205 707 1042
cjhm9vurgp2cb0702uzfn4m6r.jpg,487 220 701 1031
cjhm9wiudy3py0756v02ge9tn.jpg,393 213 595 1059
cjhm9x5dzy3us07563ngzn225.jpg,401 182 597 1065
cjhm9z2mmy41c0756azn3t8mj.jpg,399 196 609 1065
cjhm9zrwxp2ki0702qu32xy2k.jpg,405 255 634 1047
cjhmacft5y59s0756zp8fusv9.jpg,438 213 645 1056
cjhmactikp3kt0702yd1asvfs.jpg,139 97 301 1215
cjhmadl2yy5cr0756ltfg7283.jpg,185 113 332 454
cjhmaeblfp3ri0702ijdxna0v.jpg,43 125 218 1201
cjhmaelocp3so0702j8bjtsf7.jpg,502 161 707 1079
cjhmaf1zky5hc0756qksiu0su.jpg,198 94 311 556
cjhmafgv2p3ub07024j65mri5.jpg,425 147 625 1139
cjhmafttqy5k40756efir0joe.jpg,224 112 386 1214
cjhmemlghyege0756ck6g54iy.jpg,419 173 640 1131
cjhmen0usyehl0756spxuw1y9.jpg,367 159 587 1109
cjhmenf06yei50756nvxwvi97.jpg,325 159 561 1101
cjhmenri1pbhh0702o0xfdrl1.jpg,331 162 555 1110
cjhmeo6g4yekn0756rfrfuxu4.jpg,344 176 586 1101
cjhmfvmj2pf1z0702ysi5r3qg.jpg,414 189 635 1111
cjhmfwbj2yjtf0756qk246vgt.jpg,385 187 625 1141
cjhmfx6hmyjwx07560toy9qmp.jpg,414 154 648 1165
cjhmfxmdsyjzn0756a855okry.jpg,352 158 587 1148
cjhmfy4afyk1e0756wzi4dycn.jpg,412 162 663 1091
cjhmfyhiyyk4m0756w93qd4bg.jpg,398 117 628 1121
cjhmfzdbypfag0702p7evx067.jpg,488 124 717 1116
cjhmfzt6qyk9a0756ilzmsboy.jpg,437 131 667 1115
cjhmg0c1vpfdw07022d0pceko.jpg,404 121 645 1103
cjhmg1foyykbx075609vi750z.jpg,378 125 617 1117
cjhmg1uuvykdm07565ubx6xzh.jpg,363 103 606 1110
cjhmgn8dkymgk0756unorttkl.jpg,361 220 648 1216
cjhmgnxttphp80702aykd9a2e.jpg,136 188 476 946
cjhmgq6uwymny07561dw33csn.jpg,74 115 354 940
cjhmgqw2dpi5u0702wkk8v316.jpg,247 169 558 1133
cjhmgrg85pi7l0702p5g2fj70.jpg,81 68 377 1035
cjhmgrxegpi8q0702ole5t3ra.jpg,435 159 720 1114
cjhmgssgapidq0702wgt88mgj.jpg,117 119 412 1050
cjhmgtpr2yn1v075643hrgiuw.jpg,288 167 609 1130
cjhmguq8jpinj0702glltrlft.jpg,49 218 271 1094
cjhmgvd36ynbr0756c8er8826.jpg,418 128 712 1060
cjhmgwzd8piwi0702pab8m43m.jpg,232 273 487 1056
cjhmgxw61ynub07566jcm3ilu.jpg,102 264 308 1051
cjhmh09kvyo8l0756niriya0u.jpg,28 211 250 1084
cjhmh0zieyoc507562226h1q1.jpg,508 299 651 771
cjhmh1qgtpja60702fjjgcwgr.jpg,416 284 554 740
cjhmh28a1pjax0702b451uk6e.jpg,136 191 345 1089
cjhmh2v28yoqh0756avakzwdk.jpg,402 303 539 723
cjhmh3fkepjft0702kejzvfov.jpg,136 183 349 1077
cjhmh3zbkyowa0756u45e7l3u.jpg,164 191 358 1072
cjhmh58tnyp1n0756ynqxcdvu.jpg,49 253 271 1135
cjhmh5p43yp3f0756t8kbremo.jpg,45 248 253 1132
cjhmh6re9yp5k0756w90n0vwx.jpg,388 303 521 684
cjhmh7nwkyp8l0756rrk40r85.jpg,377 295 511 686
cjhmh8k7upjsz0702ebsib5vv.jpg,420 264 719 901
cjhmhc8k5pjxx0702pjfaunn8.jpg,33 259 246 1133
cjhmhcs3bpjz107024jfxroai.jpg,21 244 257 1161
cjhmhd658ypin075642pl1u3c.jpg,425 303 720 944
cjhmhdxr2pk070702yhsp8hbd.jpg,33 270 253 1150
cjhmheohkypk807563ie75cqi.jpg,374 356 720 970
cjhmhfdu7ypko0756x2o04xab.jpg,124 242 333 1155
cjhmhgbgeypni0756k3o14kd7.jpg,349 362 712 962
cjhmhgug9pk3t0702ank2pcna.jpg,124 244 329 1139
cjhmhips5ypsa0756h5q08pbc.jpg,33 266 239 1167
cjhmhjba9pkaf0702njimuttg.jpg,195 464 574 1074
cjhmhk4kspkdm0702k843fshw.jpg,34 251 248 1139
cjhmhl820pkh30702veg4xz42.jpg,24 249 248 1140
cjhmhmfzxyq2d07563i474qa5.jpg,272 367 627 1110
cjhmhn9juyq570756y9fu41bk.jpg,49 224 280 1008
cjhmhpjhzpkn107029qdvbeh7.jpg,221 374 595 1053
cjhmhv21iyqi20756kbo5nvzv.jpg,40 271 267 877
cjhmhvhkvyqkk0756b7nks7kb.jpg,0 93 145 593
cjhmhyo1ryqpw0756j6mtfk4c.jpg,133 75 281 610
cjhmhzdh8yqrd0756nj71ou95.jpg,128 66 277 609
cjhmi0ilfpl7e0702c4wbd7p2.jpg,0 96 138 605
cjhmi13pbyqts07566xnm78tn.jpg,0 316 239 854
cjhmi1r42yqvk0756dj15hqi9.jpg,3 94 139 602
cjhmi28y3plai07022qtxuw4d.jpg,36 73 179 615
cjhmi30u7pldi0702m3st8oes.jpg,192 172 287 1097
cjhmi3v58plhk0702x4ira6cw.jpg,170 76 318 606
cjhmi573tpln107025mzu5jrt.jpg,2 109 155 604
cjhmi9i0opluf0702u7o7xc93.jpg,242 72 359 396
cjhmij9p2yrs50756zl1d4slz.jpg,170 152 248 1035
cjhmilrmeyrwj0756hjj4nhj0.jpg,345 174 581 971
cjhmim9whyrxt0756gfr503js.jpg,75 124 214 603
cjhminbpapm7u0702kipc5dgj.jpg,161 156 249 992
cjhmipzqwys6x0756fsnsyc6q.jpg,23 115 168 602
cjhmiqdh1ys79075606smar73.jpg,37 172 133 1047
cjhmirrk2pmdi07026wjacp4a.jpg,2 97 147 596
cjhmisakvys8d0756nadqbkcr.jpg,113 117 342 1054
cjhmit2lbys9207564phdkck0.jpg,102 117 340 1086
cjhmitfvmys9f0756ylb5s5og.jpg,87 95 349 1199
cjhmiuo8tpmgi0702yl2c9ohy.jpg,123 125 271 602
cjhmiv6syysaj0756xcfkp4ru.jpg,310 103 535 1064
cjhmivjj0ysaw0756a44bc95h.jpg,131 44 388 1226
cjhmiwcopyscp0756pd0ykq1w.jpg,50 150 299 1093
cjhmk02hoysvf0756g37k74ws.jpg,72 7 361 1243
cjhmk1k0nyswi07562ok6qyec.jpg,0 134 121 614
cjhmk27c5yswz0756r1g1caww.jpg,336 130 544 1055
cjhmk2jjeysxv07562p3ozvkq.jpg,46 77 338 1190
cjhmk822dpnc80702ro7xl39r.jpg,84 128 217 593
cjhmk8fi3yt090756btah1387.jpg,119 106 349 1064
cjhmk8x5ypncz07028tuwet0q.jpg,54 80 317 1195
cjhqgafhj35up0779p8oh5qrt.jpg,81 76 340 1201
cjhqgauwe36nw0779h4rhtswv.jpg,60 131 202 590
cjhqgd5g7370f0779he26i01c.jpg,131 108 372 1063
cjhqgdnts3qyy0755job0sye0.jpg,136 18 411 1251
cjhqgej9n371s0779tmwgygf4.jpg,398 128 624 1015
cjhqghr9s37450779ie16gi6s.jpg,37 57 321 1174
cjhqgi7ni376y0779xwfrsf3h.jpg,146 106 372 1052
cjhqgjt5537bv0779vdvkwu44.jpg,129 134 358 1061
cjhqgkjos3r6p0755dymi4rld.jpg,115 46 370 1205
cjhqgmtwf37fi0779sl9ylwgw.jpg,126 0 397 1233
cjhqgnq3v3r9n075588rnvfyf.jpg,200 0 519 1264
cjhqgof9337ip0779q52wxc71.jpg,139 0 453 1252
cjhqgp8ze37kk0779ymkrwue4.jpg,63 1 455 1276
cjhqgq6a837s70779l9gtltdg.jpg,26 123 171 589
cjhqgrmql37u10779pbsrec9v.jpg,49 5 418 1276
cjhqgsxq63rii0755c500t409.jpg,132 2 540 1120
cjhqgudwq3rjw0755ku0c5p5y.jpg,138 1 494 1276
cjhqgy6o53rmy0755bqfohtny.jpg,58 0 420 1277
cjhqgzdia38260779u350htz9.jpg,56 102 210 618
cjhqh0w83384a0779on7962b2.jpg,23 1 430 1269
cjhqh1nko386007797b94ey80.jpg,149 95 303 628
cjhqh2hiu387o0779g0navjg9.jpg,23 0 409 1279
cjhqh32s7388w0779p8hpgy7u.jpg,26 1 459 1104
cjhqh3zv7389s0779ydn64qlf.jpg,91 0 476 1258
cjhqh5km73rxo0755ogv1tlxv.jpg,119 1 281 639
cjhqh90d938le0779sqvw5s1d.jpg,3 10 152 629
cjhqhabuq3s5d0755dn1otm90.jpg,121 0 292 645
cjhqhcutq3sb407555u26ynti.jpg,148 84 332 640
cjhqhemys38x60779re4irl5b.jpg,33 72 225 636
